id;name;date;code
1;Generic bandwidth Montana;2022-08-15T02:35:27;protocol
2;embrace Buckinghamshire;2022-08-14T15:22:08;Western navigate systems
3;user cross-platform;2022-08-14T13:32:24;Mountains overriding
4;viral mobile;2022-08-14T22:24:34;redundant Soap
5;Division Tennessee Program;2022-08-14T19:24:22;Handmade
6;Frozen;2022-08-15T01:55:30;Ghana calculating Awesome
7;utilize Fish Rand;2022-08-14T15:57:55;Berkshire Checking Ameliorated
8;Square;2022-08-14T20:50:16;National Applications
9;Metal;2022-08-15T10:05:50;Kuwait Streamlined
10;Fish;2022-08-15T10:16:25;payment hardware
