id;name;status;code;amount
1;Steel;BLOCKED;calculating cross-platform Principal;35091
2;wireless Handmade;SUCCESS;deposit Track actuating;64964
3;Division;ACTIVE;Card;44325
4;models partnerships Infrastruc;REJECTED;compressing withdrawal green;70316
5;Gloves Drive;PENDING;Car;16911
6;Oklahoma;BLOCKED;throughput;46269
7;mobile Vermont auxiliary;REJECTED;Mexico yellow Cape;27546
8;homogeneous Crossroad;REJECTED;Liaison;16073
9;Tunnel;ACTIVE;black;71810
10;Cheese Renminbi;BLOCKED;multi-byte Underpass project;82676
